audit_id,template_id,archived,audit_created_at,audit_modified_at,score,total_score,score_percentage,audit_name,duration,date_completed,owner_name,owner_id,longitude,latitude
audit_42acce3d87564e4a957119724d6936f5,template_9a7b1a64e8dc4fafa57e17d3406af311,False,2018-01-01T00:00:00.000Z,2018-01-01T00:00:00.000Z,3825,6442,59.376,Deathful Heron Checklist,2202,,Noise,user_5020bea6aa03418ab4068f0a5b9ac05a,-21.2617,-20.4459
audit_a46a8d888cec46fda42884ed613d6385,template_a9be6ab343394a549dbafc95d4758b57,False,2018-01-01T00:00:00.000Z,2018-01-01T00:00:00.000Z,3803,6178,61.557,Piggie Cheese Audit,4757,,Noise,user_5020bea6aa03418ab4068f0a5b9ac05a,149.4904,-70.2375
audit_91aab70b610e402cb69519532443b590,template_cf6df1d4b8a04f528f5f86b8318f9a71,False,2018-01-01T00:00:00.000Z,2018-01-01T00:00:00.000Z,3665,6261,58.537,Deathly Fuel Checklist,94,,Noise,user_5020bea6aa03418ab4068f0a5b9ac05a,-57.2623,-89.1086
audit_13d67c0e7e954fedbec50522b1c14f16,template_b647801714c64965bfcd1ccdaa9e2802,False,2018-01-01T00:00:00.000Z,2018-01-01T00:00:00.000Z,3975,6642,59.846,Unstamped Shrimp Checklist,4707,,Noise,user_5020bea6aa03418ab4068f0a5b9ac05a,62.4041,50.0395
audit_bfb3b867f37a4701a7cf037e29b5cb71,template_d0e54616a0d74694a61847b0cd50ad8d,False,2018-01-01T00:00:00.000Z,2018-01-01T00:00:00.000Z,3132,5299,59.105,Crossbred Calendar Audit,579,,Noise,user_5020bea6aa03418ab4068f0a5b9ac05a,173.9740,-40.2902
audit_aec8bf71e24f420083f4b052c6475b78,template_cf6df1d4b8a04f528f5f86b8318f9a71,False,2018-01-01T00:00:00.000Z,2018-01-01T00:00:00.000Z,3640,6227,58.455,Springtime Fahrenheit Audit,1480,,Noise,user_5020bea6aa03418ab4068f0a5b9ac05a,-2.1785,-57.0882
audit_183efd21dfe84697af451877c72f6674,template_b47a51bd65884cdf81c3e8b0489d0837,False,2018-01-01T00:00:00.000Z,2018-01-01T00:00:00.000Z,3281,5305,61.847,Viral Chef Checklist,2241,,Noise,user_5020bea6aa03418ab4068f0a5b9ac05a,156.0550,-26.4723
audit_4282950cf84b423887b64ba931253961,template_b47a51bd65884cdf81c3e8b0489d0837,False,2018-01-01T00:00:00.000Z,2018-01-01T00:00:00.000Z,3289,5299,62.068,Pinnate Recess Inspection,152,,Noise,user_5020bea6aa03418ab4068f0a5b9ac05a,-80.6401,-54.6946
audit_f0d137fe10a94e779eb51e1c3df698ec,template_6c9f2ffe9c5642d7aa4b8d06bfa7bc32,False,2018-01-01T00:00:00.000Z,2018-01-01T00:00:00.000Z,3625,6054,59.878,Placoid Force Checklist,550,,Noise,user_5020bea6aa03418ab4068f0a5b9ac05a,-108.9191,-41.7848
audit_c828e099bf2c48358637da6f6654c2db,template_b47a51bd65884cdf81c3e8b0489d0837,False,2018-01-01T00:00:00.000Z,2018-01-01T00:00:00.000Z,3246,5226,62.113,Piebald Polo Audit,358,,Noise,user_5020bea6aa03418ab4068f0a5b9ac05a,28.7192,70.4622
audit_88aaed751a0f44af9a7237117ffca161,template_b647801714c64965bfcd1ccdaa9e2802,False,2018-01-01T00:00:00.000Z,2018-01-01T00:00:00.000Z,3897,6659,58.522,Pretty Supply Checklist,498,,Noise,user_5020bea6aa03418ab4068f0a5b9ac05a,-113.2175,2.4214
audit_c7c191f31b5243dbbbd347d73cc34515,template_23ac8c713880469d916a93d826b34b7a,False,2018-01-01T00:00:00.000Z,2018-01-01T00:00:00.000Z,3770,6232,60.494,Guarded Run Inspection,4702,,Noise,user_5020bea6aa03418ab4068f0a5b9ac05a,-85.6650,84.3730
audit_044ad054452346c5a2c5cd7b83eaca0a,template_7939abbf012a436f88ddd68c67d42bc4,False,2018-01-01T00:00:00.000Z,2018-01-01T00:00:00.000Z,3526,6140,57.427,Glary Red Inspection,3022,,Noise,user_5020bea6aa03418ab4068f0a5b9ac05a,33.6052,71.2308
audit_cd4e4682da614fcab61662410f6a75af,template_976e057477f2447186207b051f111167,False,2018-01-01T00:00:00.000Z,2018-01-01T00:00:00.000Z,3680,5795,63.503,Measled Improvement Audit,4218,,Noise,user_5020bea6aa03418ab4068f0a5b9ac05a,91.7343,-42.1445
audit_51b3534be0014d9ea8ac3b15e42d336a,template_d0e54616a0d74694a61847b0cd50ad8d,False,2018-01-01T00:00:00.000Z,2018-01-01T00:00:00.000Z,3100,5288,58.623,Rosy Farmer Checklist,2092,,Noise,user_5020bea6aa03418ab4068f0a5b9ac05a,88.7307,-48.8345
audit_284e9c3029fe4b36a60a251fa10c1f4d,template_53c1d54027f640bd943e65762985be89,False,2018-01-01T00:00:00.000Z,2018-01-01T00:00:00.000Z,3563,5762,61.836,Barest Bagel Audit,92,,Noise,user_5020bea6aa03418ab4068f0a5b9ac05a,104.5381,-63.9936
audit_fa40b5151e564e5493ffd4d5d12fc7da,template_cf6df1d4b8a04f528f5f86b8318f9a71,False,2018-01-01T00:00:00.000Z,2018-01-01T00:00:00.000Z,3606,6258,57.622,Labrid Animal Inspection,1707,,Noise,user_5020bea6aa03418ab4068f0a5b9ac05a,132.4311,-82.6444
audit_cebc6b01cc0045c8b3a81d8eb79979c1,template_53c1d54027f640bd943e65762985be89,False,2018-01-01T00:00:00.000Z,2018-01-01T00:00:00.000Z,3553,5686,62.487,Triform Greek Checklist,2106,,Noise,user_5020bea6aa03418ab4068f0a5b9ac05a,-41.6848,-75.9839
audit_fa158f433e194db4ae0f8021f85e2e8a,template_cf6df1d4b8a04f528f5f86b8318f9a71,False,2018-01-01T00:00:00.000Z,2018-01-01T00:00:00.000Z,3630,6190,58.643,Jangly Asterisk Audit,109,,Noise,user_5020bea6aa03418ab4068f0a5b9ac05a,-95.4113,45.5514
audit_84c47b038a2e41c3b7e248f9136cddec,template_5fced78bd0ef49da84ca00b927b909c7,False,2018-01-01T00:00:00.000Z,2018-01-01T00:00:00.000Z,3827,6386,59.928,Mushy Heaven Checklist,3724,,Noise,user_5020bea6aa03418ab4068f0a5b9ac05a,28.0473,-87.7421
audit_4a571a755ae1416e98ab5337e2e03cb0,template_7939abbf012a436f88ddd68c67d42bc4,False,2018-01-01T00:00:00.000Z,2018-01-01T00:00:00.000Z,3698,6159,60.042,Earthy Wing Inspection,1081,,Noise,user_5020bea6aa03418ab4068f0a5b9ac05a,104.1860,2.6884
audit_fa3eb93af6dc424daba895bb7f3cce11,template_976e057477f2447186207b051f111167,False,2018-01-01T00:00:00.000Z,2018-01-01T00:00:00.000Z,3785,5853,64.668,Kutcha Step-Mother Checklist,325,,Noise,user_5020bea6aa03418ab4068f0a5b9ac05a,-69.4192,-65.4484
audit_02c9cb9fceca4e868577ee48c2a4ada3,template_53c1d54027f640bd943e65762985be89,False,2018-01-01T00:00:00.000Z,2018-01-01T00:00:00.000Z,3518,5704,61.676,Mushy Crowd Audit,2655,,Noise,user_5020bea6aa03418ab4068f0a5b9ac05a,41.4681,-66.2393
audit_b1ebd980d0ab47269c7ee40ff6e8b6ce,template_b47a51bd65884cdf81c3e8b0489d0837,False,2018-01-01T00:00:00.000Z,2018-01-01T00:00:00.000Z,3277,5325,61.54,Jewelled Guitar Audit,2322,,Noise,user_5020bea6aa03418ab4068f0a5b9ac05a,-81.8744,17.3331
audit_2fc89fbd4d8747a2979ace56629fabe4,template_5fced78bd0ef49da84ca00b927b909c7,False,2018-01-01T00:00:00.000Z,2018-01-01T00:00:00.000Z,3887,6394,60.791,Manic Epoxy Inspection,1121,,Noise,user_5020bea6aa03418ab4068f0a5b9ac05a,-112.0137,25.9080
audit_d19da75f1c7241a1a24cf64a1d380a0c,template_7939abbf012a436f88ddd68c67d42bc4,False,2018-01-01T00:00:00.000Z,2018-01-01T00:00:00.000Z,3633,6175,58.834,Stuffy Guitar Checklist,1469,,Noise,user_5020bea6aa03418ab4068f0a5b9ac05a,175.2414,58.7020
audit_ee67f56507824931b30c5cbe9f4b43ba,template_a9be6ab343394a549dbafc95d4758b57,False,2018-01-01T00:00:00.000Z,2018-01-01T00:00:00.000Z,3801,6180,61.505,Trothless Foundation Checklist,853,,Noise,user_5020bea6aa03418ab4068f0a5b9ac05a,45.4252,-55.9670
audit_b88a6baa926c4da7bd36b2210197f3cb,template_b47a51bd65884cdf81c3e8b0489d0837,False,2018-01-01T00:00:00.000Z,2018-01-01T00:00:00.000Z,3216,5314,60.519,Viscid Musician Inspection,3980,,Noise,user_5020bea6aa03418ab4068f0a5b9ac05a,21.8827,-6.1765
audit_b6857d8882544d31a8b1cbd6317a3d49,template_b47a51bd65884cdf81c3e8b0489d0837,False,2018-01-01T00:00:00.000Z,2018-01-01T00:00:00.000Z,3270,5329,61.362,Unlaid Neon Checklist,4517,,Noise,user_5020bea6aa03418ab4068f0a5b9ac05a,9.5421,31.7113
audit_4116d03853c64304b55c452a13ffb380,template_53c1d54027f640bd943e65762985be89,False,2018-01-01T00:00:00.000Z,2018-01-01T00:00:00.000Z,3495,5711,61.198,Baric Soprano Checklist,3985,,Noise,user_5020bea6aa03418ab4068f0a5b9ac05a,91.1845,65.7783
audit_9c3a0a5469a149b499b801d10f8c6e42,template_7939abbf012a436f88ddd68c67d42bc4,False,2018-01-01T00:00:00.000Z,2018-01-01T00:00:00.000Z,3792,6239,60.779,Cystoid Sphere Checklist,1008,,Noise,user_5020bea6aa03418ab4068f0a5b9ac05a,-147.7986,22.5102
audit_30335eb792374a448643aed3714cfa30,template_9a7b1a64e8dc4fafa57e17d3406af311,False,2018-01-01T00:00:00.000Z,2018-01-01T00:00:00.000Z,3764,6370,59.089,Unbarred Part Checklist,1188,,Noise,user_5020bea6aa03418ab4068f0a5b9ac05a,129.3907,-72.6746
audit_4958fc254aff4d0ea52efa5bc06e4649,template_b47a51bd65884cdf81c3e8b0489d0837,False,2018-01-01T00:00:00.000Z,2018-01-01T00:00:00.000Z,3295,5301,62.158,Punctured Lift Checklist,4772,,Noise,user_5020bea6aa03418ab4068f0a5b9ac05a,109.6555,80.8084
audit_9e2080fc8b884c1f832d0f77ded7e85c,template_7939abbf012a436f88ddd68c67d42bc4,False,2018-01-01T00:00:00.000Z,2018-01-01T00:00:00.000Z,3719,6210,59.887,Scrubbed Hate Checklist,647,,Noise,user_5020bea6aa03418ab4068f0a5b9ac05a,-179.5475,-39.0896
audit_17fc38ae4dd3437a921270999bb910be,template_7939abbf012a436f88ddd68c67d42bc4,False,2018-01-01T00:00:00.000Z,2018-01-01T00:00:00.000Z,3691,6147,60.046,Kingless Hen Audit,1451,,Noise,user_5020bea6aa03418ab4068f0a5b9ac05a,23.3857,68.3915
audit_892472608b6244e7998d60207bb7ad08,template_a9be6ab343394a549dbafc95d4758b57,False,2018-01-01T00:00:00.000Z,2018-01-01T00:00:00.000Z,3836,6201,61.861,Merest Math Checklist,2535,,Noise,user_5020bea6aa03418ab4068f0a5b9ac05a,-48.7374,-25.5582
audit_706341ccb3794b1f82c5d51884d9a94d,template_976e057477f2447186207b051f111167,False,2018-01-01T00:00:00.000Z,2018-01-01T00:00:00.000Z,3600,5788,62.198,Mardy Libra Inspection,1840,,Noise,user_5020bea6aa03418ab4068f0a5b9ac05a,-102.3778,38.8658
audit_f50166187b064a249558605f068a824d,template_b647801714c64965bfcd1ccdaa9e2802,False,2018-01-01T00:00:00.000Z,2018-01-01T00:00:00.000Z,3919,6574,59.614,Landward Coast Checklist,1548,,Noise,user_5020bea6aa03418ab4068f0a5b9ac05a,-47.8103,-26.9899
audit_0cb32f2dafa44fbb9fc5faf0012d9615,template_d0e54616a0d74694a61847b0cd50ad8d,False,2018-01-01T00:00:00.000Z,2018-01-01T00:00:00.000Z,3209,5313,60.399,Greening Tuba Checklist,2066,,Noise,user_5020bea6aa03418ab4068f0a5b9ac05a,147.4710,34.8919
audit_a95465dc26fd4488b0e19c2efb268015,template_b47a51bd65884cdf81c3e8b0489d0837,False,2018-01-01T00:00:00.000Z,2018-01-01T00:00:00.000Z,3292,5294,62.184,Teenage Bowl Audit,2430,,Noise,user_5020bea6aa03418ab4068f0a5b9ac05a,-105.9397,-77.3705
audit_918932d2c55142cc9af20bb4544bd5b4,template_d0e54616a0d74694a61847b0cd50ad8d,False,2018-01-01T00:00:00.000Z,2018-01-01T00:00:00.000Z,3096,5300,58.415,Enhanced Stool Checklist,950,,Noise,user_5020bea6aa03418ab4068f0a5b9ac05a,-153.4408,-43.4644
audit_ee40142ecbe74df4ba962a356b7ffdad,template_99c39d31ab8d4c54b2259c9eba5bcdf1,False,2018-01-01T00:00:00.000Z,2018-01-01T00:00:00.000Z,3113,5108,60.944,Zealous Scarecrow Audit,657,,Noise,user_5020bea6aa03418ab4068f0a5b9ac05a,-56.8178,-88.5723
audit_8ce97e9f37754fbc916c3e1d067200fa,template_b47a51bd65884cdf81c3e8b0489d0837,False,2018-01-01T00:00:00.000Z,2018-01-01T00:00:00.000Z,3294,5313,61.999,Furry Caravan Checklist,69,,Noise,user_5020bea6aa03418ab4068f0a5b9ac05a,139.7359,68.8410
audit_3a1abb50fa1d40e59a2eb0d37a8fefcb,template_d0e54616a0d74694a61847b0cd50ad8d,False,2018-01-01T00:00:00.000Z,2018-01-01T00:00:00.000Z,3279,5293,61.95,Minded Pink Audit,4594,,Noise,user_5020bea6aa03418ab4068f0a5b9ac05a,21.3646,79.6986
audit_56acb3951eea4ec99fc2e0787462a253,template_6c9f2ffe9c5642d7aa4b8d06bfa7bc32,False,2018-01-01T00:00:00.000Z,2018-01-01T00:00:00.000Z,3601,6060,59.422,Cringing Helicopter Checklist,4260,,Noise,user_5020bea6aa03418ab4068f0a5b9ac05a,14.1294,15.3011
audit_7f85a75ae3294b6a9da7bc39da450fb7,template_99c39d31ab8d4c54b2259c9eba5bcdf1,False,2018-01-01T00:00:00.000Z,2018-01-01T00:00:00.000Z,3170,5101,62.145,Pointless Anatomy Audit,2703,,Noise,user_5020bea6aa03418ab4068f0a5b9ac05a,71.8235,-88.0272
audit_3a236cabf7894d40a69fd65976563fd2,template_9f933e23433447e4ac264dc42a65cfda,False,2018-01-01T00:00:00.000Z,2018-01-01T00:00:00.000Z,4192,7186,58.336,Windburned Tune Audit,3549,,Noise,user_5020bea6aa03418ab4068f0a5b9ac05a,-14.1374,53.2201
audit_8729f0e3d5104c1db7b72723df177aa5,template_7939abbf012a436f88ddd68c67d42bc4,False,2018-01-01T00:00:00.000Z,2018-01-01T00:00:00.000Z,3694,6163,59.938,Upstair Spring Audit,2570,,Noise,user_5020bea6aa03418ab4068f0a5b9ac05a,-158.2238,42.1437
audit_588a79978df240e5915cdfc12c20350f,template_b647801714c64965bfcd1ccdaa9e2802,False,2018-01-01T00:00:00.000Z,2018-01-01T00:00:00.000Z,3988,6657,59.907,Admired Trigonometry Checklist,4417,,Noise,user_5020bea6aa03418ab4068f0a5b9ac05a,-161.6079,-43.8858
audit_4c4b89dbd3d84770a64292399b8508a8,template_d0e54616a0d74694a61847b0cd50ad8d,False,2018-01-01T00:00:00.000Z,2018-01-01T00:00:00.000Z,3119,5346,58.343,Reptile Fertilizer Inspection,322,,Noise,user_5020bea6aa03418ab4068f0a5b9ac05a,-51.9500,34.3393
audit_9e3f3ffcedb349708a52ddb3df95d4e0,template_3b22f8eb5e1d41eb8e183de5085cd160,False,2018-01-01T00:00:00.000Z,2018-01-01T00:00:00.000Z,3963,6601,60.036,Humdrum Married Inspection,1196,,Noise,user_5020bea6aa03418ab4068f0a5b9ac05a,-37.1835,-29.2356
audit_1150e027c9314a7aa5e2c9918c26786d,template_9f933e23433447e4ac264dc42a65cfda,False,2018-01-01T00:00:00.000Z,2018-01-01T00:00:00.000Z,4201,7288,57.643,Fitful Nerve Checklist,2418,,Noise,user_5020bea6aa03418ab4068f0a5b9ac05a,-97.5569,-12.2829
audit_7c333bf6adbd4da5a111ed54d425c1a4,template_cf6df1d4b8a04f528f5f86b8318f9a71,False,2018-01-01T00:00:00.000Z,2018-01-01T00:00:00.000Z,3674,6210,59.163,Mousy Side Audit,2819,,Noise,user_5020bea6aa03418ab4068f0a5b9ac05a,58.6697,68.6034
audit_f4f4d13377ba4b4194746b1447c3c3f8,template_5fced78bd0ef49da84ca00b927b909c7,False,2018-01-01T00:00:00.000Z,2018-01-01T00:00:00.000Z,3849,6366,60.462,Poky Tugboat Inspection,4624,,Noise,user_5020bea6aa03418ab4068f0a5b9ac05a,68.1678,28.1626
audit_6ae0b99a21004896bfb99b9407269b29,template_d0e54616a0d74694a61847b0cd50ad8d,False,2018-01-01T00:00:00.000Z,2018-01-01T00:00:00.000Z,3229,5254,61.458,Abused Select Inspection,1355,,Noise,user_5020bea6aa03418ab4068f0a5b9ac05a,154.8498,-87.6828
audit_c9592f5beb0a4d769d1d11e42da55949,template_c5d1608b81f14843bfc534e2c7099641,False,2018-01-01T00:00:00.000Z,2018-01-01T00:00:00.000Z,3551,5897,60.217,Sickly State Checklist,3452,,Noise,user_5020bea6aa03418ab4068f0a5b9ac05a,-90.6781,-43.5005
audit_454333a4616b41eca3df08c767bb03d4,template_23ac8c713880469d916a93d826b34b7a,False,2018-01-01T00:00:00.000Z,2018-01-01T00:00:00.000Z,3933,6292,62.508,Honied Atom Checklist,1866,,Noise,user_5020bea6aa03418ab4068f0a5b9ac05a,84.3260,3.0322
audit_7a2b4a394c444f0f998b901f9481e968,template_cf6df1d4b8a04f528f5f86b8318f9a71,False,2018-01-01T00:00:00.000Z,2018-01-01T00:00:00.000Z,3640,6174,58.957,Porcine Mark Checklist,996,,Noise,user_5020bea6aa03418ab4068f0a5b9ac05a,-101.3618,-51.6247
audit_f28ab92c8f2f49ed873036695d5d8cd6,template_497c72ea8d214a89aa4d1d30b6485e7a,False,2018-01-01T00:00:00.000Z,2018-01-01T00:00:00.000Z,3686,5930,62.159,Gemel Flat Checklist,4653,,Noise,user_5020bea6aa03418ab4068f0a5b9ac05a,88.0082,83.5801
audit_276d29ed96b14b61b1a9b7582da75c29,template_7939abbf012a436f88ddd68c67d42bc4,False,2018-01-01T00:00:00.000Z,2018-01-01T00:00:00.000Z,3674,6127,59.964,Foreseen Astronomy Inspection,1839,,Noise,user_5020bea6aa03418ab4068f0a5b9ac05a,-72.7530,-39.4712
audit_f7196e5b222c4849af641d9efa0649c3,template_c5d1608b81f14843bfc534e2c7099641,False,2018-01-01T00:00:00.000Z,2018-01-01T00:00:00.000Z,3574,5930,60.27,Graveless Substance Inspection,4775,,Noise,user_5020bea6aa03418ab4068f0a5b9ac05a,95.7365,71.3494
audit_06e90d6bc6dd446fb8c337e1d101c6cb,template_a9be6ab343394a549dbafc95d4758b57,False,2018-01-01T00:00:00.000Z,2018-01-01T00:00:00.000Z,3759,6183,60.796,Thinking Deborah Checklist,2177,,Noise,user_5020bea6aa03418ab4068f0a5b9ac05a,111.8482,-75.0322
audit_55608993eb424c39a69c6335889e69c7,template_806ae7b4946b4fce90681990a89c2d6e,False,2018-01-01T00:00:00.000Z,2018-01-01T00:00:00.000Z,4085,6787,60.189,Wifeless Step-Uncle Checklist,1853,,Noise,user_5020bea6aa03418ab4068f0a5b9ac05a,-157.9187,0.0487
audit_eafa5d25810543c1928d125d57ea97f8,template_7939abbf012a436f88ddd68c67d42bc4,False,2018-01-01T00:00:00.000Z,2018-01-01T00:00:00.000Z,3667,6189,59.25,Useless Department Checklist,116,,Noise,user_5020bea6aa03418ab4068f0a5b9ac05a,136.9431,-25.6324
audit_cab0354107384995b05e21aeec872a90,template_7939abbf012a436f88ddd68c67d42bc4,False,2018-01-01T00:00:00.000Z,2018-01-01T00:00:00.000Z,3638,6185,58.82,Trappy Bowl Audit,1398,,Noise,user_5020bea6aa03418ab4068f0a5b9ac05a,-1.8192,-80.6577
audit_fde4a696eb4249afb52c9fe91a8e5307,template_cf6df1d4b8a04f528f5f86b8318f9a71,False,2018-01-01T00:00:00.000Z,2018-01-01T00:00:00.000Z,3576,6264,57.088,Obscene Seaplane Audit,1483,,Noise,user_5020bea6aa03418ab4068f0a5b9ac05a,1.0048,-39.7181
audit_80e9120a6cf240898a9e4303c2c47ad8,template_3b22f8eb5e1d41eb8e183de5085cd160,False,2018-01-01T00:00:00.000Z,2018-01-01T00:00:00.000Z,4010,6627,60.51,Hennaed Enemy Audit,12,,Noise,user_5020bea6aa03418ab4068f0a5b9ac05a,174.3713,-85.2993
audit_f25781c4633c4c22a83e184d97737be4,template_c5d1608b81f14843bfc534e2c7099641,False,2018-01-01T00:00:00.000Z,2018-01-01T00:00:00.000Z,3597,5910,60.863,Buckish Colombia Checklist,3758,,Noise,user_5020bea6aa03418ab4068f0a5b9ac05a,19.9930,10.0776
audit_9af3b3d7378d451a966f8e6d71c2d3fb,template_99c39d31ab8d4c54b2259c9eba5bcdf1,False,2018-01-01T00:00:00.000Z,2018-01-01T00:00:00.000Z,3180,5065,62.784,Potent Tugboat Inspection,3090,,Noise,user_5020bea6aa03418ab4068f0a5b9ac05a,-130.1007,-88.1742
audit_64991afebfee41f19c6a5e30ef9f9665,template_cf6df1d4b8a04f528f5f86b8318f9a71,False,2018-01-01T00:00:00.000Z,2018-01-01T00:00:00.000Z,3678,6163,59.679,Practic Earth Inspection,1347,,Noise,user_5020bea6aa03418ab4068f0a5b9ac05a,-54.0361,-29.8971
audit_688e1d3c33ed45a1923088be5da8c242,template_d0e54616a0d74694a61847b0cd50ad8d,False,2018-01-01T00:00:00.000Z,2018-01-01T00:00:00.000Z,3202,5281,60.632,Wizard Frog Checklist,3963,,Noise,user_5020bea6aa03418ab4068f0a5b9ac05a,-29.6523,66.8959
audit_eec107b1ee1d4236bf577ff0e36837a1,template_cf6df1d4b8a04f528f5f86b8318f9a71,False,2018-01-01T00:00:00.000Z,2018-01-01T00:00:00.000Z,3731,6229,59.897,Sulkies Caterpillar Checklist,1741,,Noise,user_5020bea6aa03418ab4068f0a5b9ac05a,175.6217,52.1540
audit_8ed4eba2ea4d489182db0e11014a988d,template_cf6df1d4b8a04f528f5f86b8318f9a71,False,2018-01-01T00:00:00.000Z,2018-01-01T00:00:00.000Z,3652,6256,58.376,Offhand Riverbed Audit,4934,,Noise,user_5020bea6aa03418ab4068f0a5b9ac05a,139.5862,86.1594
audit_b1699e6953284843890558cf9c3c5a23,template_d0e54616a0d74694a61847b0cd50ad8d,False,2018-01-01T00:00:00.000Z,2018-01-01T00:00:00.000Z,3306,5302,62.354,Raging Dedication Audit,2763,,Noise,user_5020bea6aa03418ab4068f0a5b9ac05a,-165.7142,-77.0090
audit_687d95437e2047a7b28f06581e073b19,template_d0e54616a0d74694a61847b0cd50ad8d,False,2018-01-01T00:00:00.000Z,2018-01-01T00:00:00.000Z,3198,5301,60.328,Hoggish Order Inspection,3557,,Noise,user_5020bea6aa03418ab4068f0a5b9ac05a,-97.6727,24.0039
audit_8e148531cd804d8fa9eccad12d9233eb,template_9f933e23433447e4ac264dc42a65cfda,False,2018-01-01T00:00:00.000Z,2018-01-01T00:00:00.000Z,4237,7312,57.946,Unrigged Citizenship Inspection,4508,,Noise,user_5020bea6aa03418ab4068f0a5b9ac05a,76.8131,73.9632
audit_8393859cb8fd45b2b5016fc20dabac74,template_b47a51bd65884cdf81c3e8b0489d0837,False,2018-01-01T00:00:00.000Z,2018-01-01T00:00:00.000Z,3274,5319,61.553,Weldless Swing Inspection,4645,,Noise,user_5020bea6aa03418ab4068f0a5b9ac05a,-68.6228,-6.3074
audit_9b6540aabfb04589a4dfdb857e6c6c39,template_7939abbf012a436f88ddd68c67d42bc4,False,2018-01-01T00:00:00.000Z,2018-01-01T00:00:00.000Z,3725,6197,60.11,Glottic Gorilla Inspection,3929,,Noise,user_5020bea6aa03418ab4068f0a5b9ac05a,-110.3814,-21.0490
audit_671d20b77cc644b989e10124b22052b4,template_cf6df1d4b8a04f528f5f86b8318f9a71,False,2018-01-01T00:00:00.000Z,2018-01-01T00:00:00.000Z,3688,6253,58.98,Blithesome Radiator Checklist,1730,,Noise,user_5020bea6aa03418ab4068f0a5b9ac05a,38.6974,-30.2800
audit_9e8bdc2b6e234286867104caf8f7a79b,template_3b22f8eb5e1d41eb8e183de5085cd160,False,2018-01-01T00:00:00.000Z,2018-01-01T00:00:00.000Z,3959,6619,59.813,Spoutless Iris Checklist,2248,,Noise,user_5020bea6aa03418ab4068f0a5b9ac05a,-11.7461,-63.8338
audit_d7e343fa416b49d4bc44d97f4ed13be4,template_a9be6ab343394a549dbafc95d4758b57,False,2018-01-01T00:00:00.000Z,2018-01-01T00:00:00.000Z,3802,6182,61.501,Haggish Chief Inspection,4636,,Noise,user_5020bea6aa03418ab4068f0a5b9ac05a,28.1585,-47.7054
audit_69d3a350b874447eb87878509cffa525,template_9f933e23433447e4ac264dc42a65cfda,False,2018-01-01T00:00:00.000Z,2018-01-01T00:00:00.000Z,4299,7319,58.738,Cancelled Interest Inspection,144,,Noise,user_5020bea6aa03418ab4068f0a5b9ac05a,-123.9098,-10.0439
audit_0a3968092b594ef18b8d9c07dce80b08,template_497c72ea8d214a89aa4d1d30b6485e7a,False,2018-01-01T00:00:00.000Z,2018-01-01T00:00:00.000Z,3568,5936,60.108,Frumpy Chimpanzee Inspection,4943,,Noise,user_5020bea6aa03418ab4068f0a5b9ac05a,7.5649,84.5502
audit_29a06152303941cebbcf170ed8ed8cb3,template_23ac8c713880469d916a93d826b34b7a,False,2018-01-01T00:00:00.000Z,2018-01-01T00:00:00.000Z,3787,6255,60.544,Themeless Birch Checklist,2678,,Noise,user_5020bea6aa03418ab4068f0a5b9ac05a,-26.0490,7.0527
audit_fdce1553018140c9823c7a6e84bbc472,template_cf6df1d4b8a04f528f5f86b8318f9a71,False,2018-01-01T00:00:00.000Z,2018-01-01T00:00:00.000Z,3715,6249,59.45,Licit Berry Checklist,487,,Noise,user_5020bea6aa03418ab4068f0a5b9ac05a,66.2647,-25.6888
audit_722b1c09dc83405080234926aa12300e,template_a9be6ab343394a549dbafc95d4758b57,False,2018-01-01T00:00:00.000Z,2018-01-01T00:00:00.000Z,3816,6197,61.578,Farouche Toothpaste Checklist,3781,,Noise,user_5020bea6aa03418ab4068f0a5b9ac05a,-117.5637,-22.5953
audit_b1b2ef3b4c21412c9b0c26dd29ae3159,template_d0e54616a0d74694a61847b0cd50ad8d,False,2018-01-01T00:00:00.000Z,2018-01-01T00:00:00.000Z,3140,5301,59.234,Destined Architecture Checklist,4448,,Noise,user_5020bea6aa03418ab4068f0a5b9ac05a,-153.4587,-14.6664
audit_ac0d2a8b737e475cba8509546f1ccfb0,template_23ac8c713880469d916a93d826b34b7a,False,2018-01-01T00:00:00.000Z,2018-01-01T00:00:00.000Z,3913,6288,62.23,Neighbor Tax Audit,4543,,Noise,user_5020bea6aa03418ab4068f0a5b9ac05a,-98.0892,60.2518
audit_cba1cfc4898446c0958810be4051a265,template_99c39d31ab8d4c54b2259c9eba5bcdf1,False,2018-01-01T00:00:00.000Z,2018-01-01T00:00:00.000Z,3066,5060,60.593,Athirst Swallow Inspection,1274,,Noise,user_5020bea6aa03418ab4068f0a5b9ac05a,50.3779,49.2656
audit_ba85e113a3f4490ba0daed597d01730a,template_5fced78bd0ef49da84ca00b927b909c7,False,2018-01-01T00:00:00.000Z,2018-01-01T00:00:00.000Z,3911,6390,61.205,Lawny Blowgun Checklist,4189,,Noise,user_5020bea6aa03418ab4068f0a5b9ac05a,77.5849,-37.7941
audit_a1d54d6f32cc493a9d32ad449d3a56d2,template_806ae7b4946b4fce90681990a89c2d6e,False,2018-01-01T00:00:00.000Z,2018-01-01T00:00:00.000Z,3993,6788,58.824,Chasseur Colt Audit,250,,Noise,user_5020bea6aa03418ab4068f0a5b9ac05a,132.9465,-77.9914
audit_a9e3963b98c14d3cae3bdb409267cf6a,template_5fced78bd0ef49da84ca00b927b909c7,False,2018-01-01T00:00:00.000Z,2018-01-01T00:00:00.000Z,3901,6389,61.058,Tangential Wish Audit,4558,,Noise,user_5020bea6aa03418ab4068f0a5b9ac05a,107.8804,59.9133
audit_933095798c8c405bb0539fb4412c5fb6,template_99c39d31ab8d4c54b2259c9eba5bcdf1,False,2018-01-01T00:00:00.000Z,2018-01-01T00:00:00.000Z,3107,5115,60.743,Dying Result Checklist,1600,,Noise,user_5020bea6aa03418ab4068f0a5b9ac05a,13.7287,31.3763
audit_1692c1459ce44445887451f23d148224,template_cf6df1d4b8a04f528f5f86b8318f9a71,False,2018-01-01T00:00:00.000Z,2018-01-01T00:00:00.000Z,3627,6243,58.097,Cloying Joke Audit,1996,,Noise,user_5020bea6aa03418ab4068f0a5b9ac05a,167.8312,26.3424
audit_57e369a016be4d4cadfdb15acf0ac43d,template_b47a51bd65884cdf81c3e8b0489d0837,False,2018-01-01T00:00:00.000Z,2018-01-01T00:00:00.000Z,3297,5317,62.009,Collect Seaplane Checklist,527,,Noise,user_5020bea6aa03418ab4068f0a5b9ac05a,-13.9277,84.7754
audit_20fcde5f9da74262881a1666b9361310,template_cf6df1d4b8a04f528f5f86b8318f9a71,False,2018-01-01T00:00:00.000Z,2018-01-01T00:00:00.000Z,3669,6232,58.874,Weighted Can Checklist,4838,,Noise,user_5020bea6aa03418ab4068f0a5b9ac05a,46.4615,15.9879
audit_8744af2bb2a54255bf86b1ed96d6c526,template_b47a51bd65884cdf81c3e8b0489d0837,False,2018-01-01T00:00:00.000Z,2018-01-01T00:00:00.000Z,3291,5302,62.071,Smuggest Chinese Audit,3392,,Noise,user_5020bea6aa03418ab4068f0a5b9ac05a,114.9257,84.8874
audit_2cf9661dd5274e1a941099b54bed93e3,template_5fced78bd0ef49da84ca00b927b909c7,False,2018-01-01T00:00:00.000Z,2018-01-01T00:00:00.000Z,3849,6382,60.31,Sonsy Imprisonment Inspection,1245,,Noise,user_5020bea6aa03418ab4068f0a5b9ac05a,122.4279,80.9143
audit_0e546e9874eb4f36908aa147863dc2fc,template_cf6df1d4b8a04f528f5f86b8318f9a71,False,2018-01-01T00:00:00.000Z,2018-01-01T00:00:00.000Z,3699,6191,59.748,Festal Stepmother Checklist,424,,Noise,user_5020bea6aa03418ab4068f0a5b9ac05a,90.4574,-8.2051
audit_5401dcd4ce1e4b649cd30749f67ec6a0,template_9a7b1a64e8dc4fafa57e17d3406af311,False,2018-01-01T00:00:00.000Z,2018-01-01T00:00:00.000Z,3720,6474,57.461,Sloughy Correspondent Inspection,3777,,Noise,user_5020bea6aa03418ab4068f0a5b9ac05a,174.0851,31.7772
audit_3ad1a6e2835444018b60f985d14e118e,template_99c39d31ab8d4c54b2259c9eba5bcdf1,False,2018-01-01T00:00:00.000Z,2018-01-01T00:00:00.000Z,3059,5100,59.98,Roselike Explanation Inspection,4119,,Noise,user_5020bea6aa03418ab4068f0a5b9ac05a,96.0737,-74.7646
audit_ed8b09c2489745c99e754bbd42801330,template_9a7b1a64e8dc4fafa57e17d3406af311,False,2018-01-01T00:00:00.000Z,2018-01-01T00:00:00.000Z,3981,6446,61.759,Dimming Argument Audit,2994,,Noise,user_5020bea6aa03418ab4068f0a5b9ac05a,-29.2433,42.5704
audit_a62580843bef485a84f9b0144e679588,template_b47a51bd65884cdf81c3e8b0489d0837,False,2018-01-01T00:00:00.000Z,2018-01-01T00:00:00.000Z,3263,5321,61.323,Unsnuffed Shame Checklist,996,,Noise,user_5020bea6aa03418ab4068f0a5b9ac05a,96.5387,-68.2261
audit_06baaf6a3d2647fbb9ecf6640d64b125,template_b47a51bd65884cdf81c3e8b0489d0837,False,2018-01-01T00:00:00.000Z,2018-01-01T00:00:00.000Z,3263,5294,61.636,Adunc Gun Inspection,2123,,Noise,user_5020bea6aa03418ab4068f0a5b9ac05a,-118.9216,42.3663
audit_669422f1d5f8424086c92dd95b87636c,template_9f933e23433447e4ac264dc42a65cfda,False,2018-01-01T00:00:00.000Z,2018-01-01T00:00:00.000Z,4212,7294,57.746,Shining Tugboat Checklist,3869,,Noise,user_5020bea6aa03418ab4068f0a5b9ac05a,-162.7810,47.4273
audit_f127c4be82c44e3491ddc8aabdec8d46,template_b47a51bd65884cdf81c3e8b0489d0837,False,2018-01-01T00:00:00.000Z,2018-01-01T00:00:00.000Z,3289,5305,61.998,Unhooped Tanker Inspection,187,,Noise,user_5020bea6aa03418ab4068f0a5b9ac05a,44.8859,-21.1106
audit_d5a750b1b55040eb98d35bafa7accace,template_d0e54616a0d74694a61847b0cd50ad8d,False,2018-01-01T00:00:00.000Z,2018-01-01T00:00:00.000Z,3212,5293,60.684,Stotious Thought Audit,326,,Noise,user_5020bea6aa03418ab4068f0a5b9ac05a,67.2803,-15.4880
audit_8aa4707ed56c4e168b68d07a73881969,template_d0e54616a0d74694a61847b0cd50ad8d,False,2018-01-01T00:00:00.000Z,2018-01-01T00:00:00.000Z,3195,5302,60.26,Roughcast Rifle Audit,2307,,Noise,user_5020bea6aa03418ab4068f0a5b9ac05a,-169.2789,-20.4209
audit_a4438fe1ca3b41e0af389fc884c1270e,template_7939abbf012a436f88ddd68c67d42bc4,False,2018-01-01T00:00:00.000Z,2018-01-01T00:00:00.000Z,3686,6183,59.615,Unskilled White Checklist,2641,,Noise,user_5020bea6aa03418ab4068f0a5b9ac05a,63.7376,33.5562
audit_500f64d921c346a58148929a863b7584,template_cf6df1d4b8a04f528f5f86b8318f9a71,False,2018-01-01T00:00:00.000Z,2018-01-01T00:00:00.000Z,3730,6270,59.49,Squiffy Pamphlet Checklist,4958,,Noise,user_5020bea6aa03418ab4068f0a5b9ac05a,-3.8189,-18.3759
audit_a74d5e0484de4d839e87c0a7fdaa9fda,template_b647801714c64965bfcd1ccdaa9e2802,False,2018-01-01T00:00:00.000Z,2018-01-01T00:00:00.000Z,3796,6698,56.674,Snider Activity Audit,443,,Noise,user_5020bea6aa03418ab4068f0a5b9ac05a,130.3177,-4.0181
audit_9dab391c24264255bf292cdff1adf46b,template_6c9f2ffe9c5642d7aa4b8d06bfa7bc32,False,2018-01-01T00:00:00.000Z,2018-01-01T00:00:00.000Z,3588,6048,59.325,Tubeless Protest Checklist,3824,,Noise,user_5020bea6aa03418ab4068f0a5b9ac05a,62.8851,-86.4539
audit_08e05c7b326c4ebda1632bd39b30dcec,template_d0e54616a0d74694a61847b0cd50ad8d,False,2018-01-01T00:00:00.000Z,2018-01-01T00:00:00.000Z,3275,5309,61.688,Bluish Hexagon Audit,688,,Noise,user_5020bea6aa03418ab4068f0a5b9ac05a,-17.6990,-28.1182
audit_50aca769ebfe4d8f9c1d830fb32a7c62,template_99c39d31ab8d4c54b2259c9eba5bcdf1,False,2018-01-01T00:00:00.000Z,2018-01-01T00:00:00.000Z,3073,5109,60.149,Bonkers Radiator Audit,2168,,Noise,user_5020bea6aa03418ab4068f0a5b9ac05a,136.0660,2.8907
audit_1cfdc22a69254e0a9696d66dd78c5eee,template_b47a51bd65884cdf81c3e8b0489d0837,False,2018-01-01T00:00:00.000Z,2018-01-01T00:00:00.000Z,3305,5322,62.101,Prideful Wolf Checklist,4516,,Noise,user_5020bea6aa03418ab4068f0a5b9ac05a,116.5566,21.5645
audit_cb2f02d496ab4022a3e678283aa63798,template_cf6df1d4b8a04f528f5f86b8318f9a71,False,2018-01-01T00:00:00.000Z,2018-01-01T00:00:00.000Z,3695,6321,58.456,Glottic Sound Audit,2009,,Noise,user_5020bea6aa03418ab4068f0a5b9ac05a,-36.8027,22.1399
audit_803a1ad663a04127848a13a135aa677d,template_806ae7b4946b4fce90681990a89c2d6e,False,2018-01-01T00:00:00.000Z,2018-01-01T00:00:00.000Z,3935,6723,58.53,Smokeproof Dugout Audit,2109,,Noise,user_5020bea6aa03418ab4068f0a5b9ac05a,-37.0393,-19.5504
audit_c550ab57e9ac4a43a79d2915f1901a14,template_d0e54616a0d74694a61847b0cd50ad8d,False,2018-01-01T00:00:00.000Z,2018-01-01T00:00:00.000Z,3139,5202,60.342,Shier Lion Inspection,3286,,Noise,user_5020bea6aa03418ab4068f0a5b9ac05a,74.0729,-74.2127
audit_7302b3d111e749f599ae84a91f21265b,template_7939abbf012a436f88ddd68c67d42bc4,False,2018-01-01T00:00:00.000Z,2018-01-01T00:00:00.000Z,3645,6202,58.771,Draffy Course Audit,3302,,Noise,user_5020bea6aa03418ab4068f0a5b9ac05a,-57.6166,-84.5429
audit_c9034e80c4394057b236c1bcd7da1325,template_3b22f8eb5e1d41eb8e183de5085cd160,False,2018-01-01T00:00:00.000Z,2018-01-01T00:00:00.000Z,3964,6626,59.825,Slushy Clarinet Checklist,3771,,Noise,user_5020bea6aa03418ab4068f0a5b9ac05a,-176.9991,7.1615
audit_4692bc3128c04f91b41efec2754d6e30,template_cf6df1d4b8a04f528f5f86b8318f9a71,False,2018-01-01T00:00:00.000Z,2018-01-01T00:00:00.000Z,3624,6251,57.975,Crosswise Swim Checklist,3886,,Noise,user_5020bea6aa03418ab4068f0a5b9ac05a,104.0557,42.6902
audit_3fcd2767b4c747d9aa56d23ab8386500,template_b47a51bd65884cdf81c3e8b0489d0837,False,2018-01-01T00:00:00.000Z,2018-01-01T00:00:00.000Z,3294,5307,62.069,Waxy Softball Checklist,1473,,Noise,user_5020bea6aa03418ab4068f0a5b9ac05a,-167.4965,-87.3837
audit_48b8cb16a77f41449de3ed360f83ddda,template_35c61614630c4a618147e0dd1a3eb337,False,2018-01-01T00:00:00.000Z,2018-01-01T00:00:00.000Z,3309,5459,60.615,Vanward Kettledrum Inspection,2198,,Noise,user_5020bea6aa03418ab4068f0a5b9ac05a,-110.5537,47.0005
audit_b325a3df73c749639c374f5f961a6588,template_5fced78bd0ef49da84ca00b927b909c7,False,2018-01-01T00:00:00.000Z,2018-01-01T00:00:00.000Z,3933,6399,61.463,Wreckful Signature Audit,518,,Noise,user_5020bea6aa03418ab4068f0a5b9ac05a,23.6472,69.2514
audit_271525beb7dc42648acc24623960d0a3,template_b47a51bd65884cdf81c3e8b0489d0837,False,2018-01-01T00:00:00.000Z,2018-01-01T00:00:00.000Z,3294,5301,62.139,Fruitless Dentist Checklist,3140,,Noise,user_5020bea6aa03418ab4068f0a5b9ac05a,-119.6071,-13.4282
audit_fd693fb1cee44ea2bbb15b05740e874f,template_35c61614630c4a618147e0dd1a3eb337,False,2018-01-01T00:00:00.000Z,2018-01-01T00:00:00.000Z,3372,5466,61.69,Thetic Abyssinian Inspection,1975,,Noise,user_5020bea6aa03418ab4068f0a5b9ac05a,165.3899,22.4856
audit_2b258f5a6626415cb59e4a57a6982c11,template_d0e54616a0d74694a61847b0cd50ad8d,False,2018-01-01T00:00:00.000Z,2018-01-01T00:00:00.000Z,3152,5293,59.55,Inwrought Robert Audit,3517,,Noise,user_5020bea6aa03418ab4068f0a5b9ac05a,28.7206,-1.1894
audit_5784b754a6b14f4a92224714f9fda360,template_6c9f2ffe9c5642d7aa4b8d06bfa7bc32,False,2018-01-01T00:00:00.000Z,2018-01-01T00:00:00.000Z,3579,6054,59.118,Anti Furniture Audit,4874,,Noise,user_5020bea6aa03418ab4068f0a5b9ac05a,72.0272,-56.6935
audit_e8433169bd744a948829410801621764,template_5fced78bd0ef49da84ca00b927b909c7,False,2018-01-01T00:00:00.000Z,2018-01-01T00:00:00.000Z,3787,6341,59.722,Rescued Robert Audit,3974,,Noise,user_5020bea6aa03418ab4068f0a5b9ac05a,24.8361,76.4092
audit_6c11be57f2f74ed797ea224beb23ec04,template_23ac8c713880469d916a93d826b34b7a,False,2018-01-01T00:00:00.000Z,2018-01-01T00:00:00.000Z,3922,6331,61.949,Fickle Instruction Audit,1787,,Noise,user_5020bea6aa03418ab4068f0a5b9ac05a,103.2893,38.1441
audit_2f0495db11e74686997badfc311f1fb9,template_5fced78bd0ef49da84ca00b927b909c7,False,2018-01-01T00:00:00.000Z,2018-01-01T00:00:00.000Z,3838,6389,60.072,Unpared Norwegian Inspection,3264,,Noise,user_5020bea6aa03418ab4068f0a5b9ac05a,5.4212,32.4917
audit_728ae6ad12574dfeabb8b84f27341a9a,template_cf6df1d4b8a04f528f5f86b8318f9a71,False,2018-01-01T00:00:00.000Z,2018-01-01T00:00:00.000Z,3676,6261,58.713,Bullate Match Checklist,4909,,Noise,user_5020bea6aa03418ab4068f0a5b9ac05a,125.9953,34.7391
audit_b9afa7e4cbfd4c1481fb252b860d0935,template_5fced78bd0ef49da84ca00b927b909c7,False,2018-01-01T00:00:00.000Z,2018-01-01T00:00:00.000Z,3824,6384,59.9,Corrupt Stool Audit,3228,,Noise,user_5020bea6aa03418ab4068f0a5b9ac05a,-110.4301,40.4708
audit_38288a78fb5446ffa18d998ca23b7a4c,template_497c72ea8d214a89aa4d1d30b6485e7a,False,2018-01-01T00:00:00.000Z,2018-01-01T00:00:00.000Z,3603,5884,61.234,Triploid Pantyhose Checklist,457,,Noise,user_5020bea6aa03418ab4068f0a5b9ac05a,110.7664,-34.1841
audit_68c52288730d4e259e261ff0f8de098b,template_d0e54616a0d74694a61847b0cd50ad8d,False,2018-01-01T00:00:00.000Z,2018-01-01T00:00:00.000Z,3188,5284,60.333,Lordly Occupation Inspection,4868,,Noise,user_5020bea6aa03418ab4068f0a5b9ac05a,-143.2919,0.3205
audit_6f7d6869083a4a3ca90202339b430fdb,template_7939abbf012a436f88ddd68c67d42bc4,False,2018-01-01T00:00:00.000Z,2018-01-01T00:00:00.000Z,3625,6118,59.251,Throwback Grouse Inspection,3558,,Noise,user_5020bea6aa03418ab4068f0a5b9ac05a,152.5434,-81.6883
audit_3ca2d45323ae4bfe97cdd5ed96facd2f,template_9f933e23433447e4ac264dc42a65cfda,False,2018-01-01T00:00:00.000Z,2018-01-01T00:00:00.000Z,4192,7308,57.362,Stagnant Hippopotamus Inspection,3725,,Noise,user_5020bea6aa03418ab4068f0a5b9ac05a,-89.4541,-5.6960
audit_303b5d8382ec4b43881ff1d2edc4df5a,template_cf6df1d4b8a04f528f5f86b8318f9a71,False,2018-01-01T00:00:00.000Z,2018-01-01T00:00:00.000Z,3669,6256,58.648,Unsprung Dirt Audit,436,,Noise,user_5020bea6aa03418ab4068f0a5b9ac05a,27.4840,41.7989
audit_b00440a0a7f743bfa1d0107a5031b109,template_7939abbf012a436f88ddd68c67d42bc4,False,2018-01-01T00:00:00.000Z,2018-01-01T00:00:00.000Z,3676,6201,59.281,Zincoid Advantage Inspection,644,,Noise,user_5020bea6aa03418ab4068f0a5b9ac05a,-134.9715,86.3757
audit_e4186752dcd842b0890b3fe0d5a45621,template_3b22f8eb5e1d41eb8e183de5085cd160,False,2018-01-01T00:00:00.000Z,2018-01-01T00:00:00.000Z,3988,6586,60.553,Burlesque Laborer Inspection,357,,Noise,user_5020bea6aa03418ab4068f0a5b9ac05a,-117.7150,32.8265
audit_e48013914ae64e9ab23636ba392d603a,template_53c1d54027f640bd943e65762985be89,False,2018-01-01T00:00:00.000Z,2018-01-01T00:00:00.000Z,3432,5728,59.916,Condemned Parenthesis Audit,1027,,Noise,user_5020bea6aa03418ab4068f0a5b9ac05a,-8.4766,14.9497
audit_db1b28cff8454cd4831458926eb439bf,template_a9be6ab343394a549dbafc95d4758b57,False,2018-01-01T00:00:00.000Z,2018-01-01T00:00:00.000Z,3813,6185,61.649,Humpbacked Paul Audit,4517,,Noise,user_5020bea6aa03418ab4068f0a5b9ac05a,-123.9960,73.5643
audit_5746c57342cf4fb58355eda5862c58c9,template_23ac8c713880469d916a93d826b34b7a,False,2018-01-01T00:00:00.000Z,2018-01-01T00:00:00.000Z,3902,6217,62.763,Unmasked Meteorology Inspection,6,,Noise,user_5020bea6aa03418ab4068f0a5b9ac05a,-95.9195,-12.0015
audit_3ca6225305e24ab88414c5f8c22b3181,template_cf6df1d4b8a04f528f5f86b8318f9a71,False,2018-01-01T00:00:00.000Z,2018-01-01T00:00:00.000Z,3647,6248,58.371,Mazy Crime Inspection,3394,,Noise,user_5020bea6aa03418ab4068f0a5b9ac05a,70.5827,-69.3438
audit_d4c85797e79340e7a660ad6f22190c2e,template_c5d1608b81f14843bfc534e2c7099641,False,2018-01-01T00:00:00.000Z,2018-01-01T00:00:00.000Z,3620,5887,61.491,Sunlike Picture Inspection,4907,,Noise,user_5020bea6aa03418ab4068f0a5b9ac05a,3.7143,55.5736
audit_619e7bb037514ee8907b5fe4ef1590f4,template_b47a51bd65884cdf81c3e8b0489d0837,False,2018-01-01T00:00:00.000Z,2018-01-01T00:00:00.000Z,3241,5276,61.429,Plusher Monday Checklist,4572,,Noise,user_5020bea6aa03418ab4068f0a5b9ac05a,-126.4991,58.5961
audit_25fe3c5f532d44c89f982775f4024302,template_b47a51bd65884cdf81c3e8b0489d0837,False,2018-01-01T00:00:00.000Z,2018-01-01T00:00:00.000Z,3295,5277,62.441,Meagre Title Inspection,2942,,Noise,user_5020bea6aa03418ab4068f0a5b9ac05a,-40.6425,87.5537
audit_26823b0732104ed1a42f08d029132d83,template_d0e54616a0d74694a61847b0cd50ad8d,False,2018-01-01T00:00:00.000Z,2018-01-01T00:00:00.000Z,3125,5216,59.912,Spleenish Scarecrow Audit,308,,Noise,user_5020bea6aa03418ab4068f0a5b9ac05a,-91.8557,-86.2427
audit_b785d6af3bc54bfab803c1faa08b01ba,template_b47a51bd65884cdf81c3e8b0489d0837,False,2018-01-01T00:00:00.000Z,2018-01-01T00:00:00.000Z,3327,5306,62.703,Kindred Ostrich Audit,3636,,Noise,user_5020bea6aa03418ab4068f0a5b9ac05a,86.1669,-51.9090
audit_a79ebd8ed47f488f963b961fde3bee66,template_6c9f2ffe9c5642d7aa4b8d06bfa7bc32,False,2018-01-01T00:00:00.000Z,2018-01-01T00:00:00.000Z,3606,6038,59.722,Klephtic Skill Audit,882,,Noise,user_5020bea6aa03418ab4068f0a5b9ac05a,-84.9400,-58.3376
audit_9ab7506807ff40eab7744311d814d6b6,template_53c1d54027f640bd943e65762985be89,False,2018-01-01T00:00:00.000Z,2018-01-01T00:00:00.000Z,3454,5640,61.241,Discreet Japanese Checklist,1839,,Noise,user_5020bea6aa03418ab4068f0a5b9ac05a,-71.5546,-66.6619
audit_f95a118901d44d049158d3c0b0339317,template_9f933e23433447e4ac264dc42a65cfda,False,2018-01-01T00:00:00.000Z,2018-01-01T00:00:00.000Z,4268,7222,59.097,Lengthy Fragrance Audit,2009,,Noise,user_5020bea6aa03418ab4068f0a5b9ac05a,-124.4813,13.7968
audit_a1d100e87bc54321bfe1492d0347a406,template_b47a51bd65884cdf81c3e8b0489d0837,False,2018-01-01T00:00:00.000Z,2018-01-01T00:00:00.000Z,3262,5308,61.454,Biggish Square Audit,4842,,Noise,user_5020bea6aa03418ab4068f0a5b9ac05a,-118.8292,67.3198
audit_ccd81caed7b545dab35ce0870eb8b4dc,template_b47a51bd65884cdf81c3e8b0489d0837,False,2018-01-01T00:00:00.000Z,2018-01-01T00:00:00.000Z,3317,5294,62.656,Spicy Pyramid Inspection,588,,Noise,user_5020bea6aa03418ab4068f0a5b9ac05a,-33.4848,-65.0487
audit_cc613eacdc2642ffa9d4d6383807b8d7,template_6c9f2ffe9c5642d7aa4b8d06bfa7bc32,False,2018-01-01T00:00:00.000Z,2018-01-01T00:00:00.000Z,3653,6060,60.281,Hopeful Elephant Audit,4524,,Noise,user_5020bea6aa03418ab4068f0a5b9ac05a,-162.1591,28.4229
audit_0a54947769464720afe72411c45fd2e8,template_53c1d54027f640bd943e65762985be89,False,2018-01-01T00:00:00.000Z,2018-01-01T00:00:00.000Z,3651,5684,64.233,Viceless Triangle Checklist,4666,,Noise,user_5020bea6aa03418ab4068f0a5b9ac05a,-114.9019,41.8742
audit_e503e46f95064d9594c1389b6acf3d63,template_7939abbf012a436f88ddd68c67d42bc4,False,2018-01-01T00:00:00.000Z,2018-01-01T00:00:00.000Z,3636,6190,58.74,Speedy Judo Inspection,2670,,Noise,user_5020bea6aa03418ab4068f0a5b9ac05a,-53.3390,52.6906
audit_ea63c1ae3a9442d89303429b1800524f,template_7939abbf012a436f88ddd68c67d42bc4,False,2018-01-01T00:00:00.000Z,2018-01-01T00:00:00.000Z,3597,6094,59.025,Untanned June Checklist,4715,,Noise,user_5020bea6aa03418ab4068f0a5b9ac05a,-49.9227,-85.2719
audit_2422b924dc1c45e58f16114a3955a00f,template_5fced78bd0ef49da84ca00b927b909c7,False,2018-01-01T00:00:00.000Z,2018-01-01T00:00:00.000Z,3904,6391,61.086,Ratlike Jewel Checklist,2471,,Noise,user_5020bea6aa03418ab4068f0a5b9ac05a,170.7703,48.3150
audit_35629623e7a241e292a5da7c3518cbba,template_d0e54616a0d74694a61847b0cd50ad8d,False,2018-01-01T00:00:00.000Z,2018-01-01T00:00:00.000Z,3144,5297,59.354,Acerb Egypt Audit,2664,,Noise,user_5020bea6aa03418ab4068f0a5b9ac05a,9.6715,89.1995
audit_6b491917567c47a1b5fce82638d5664d,template_5fced78bd0ef49da84ca00b927b909c7,False,2018-01-01T00:00:00.000Z,2018-01-01T00:00:00.000Z,3832,6402,59.856,Hatching Wrist Inspection,2040,,Noise,user_5020bea6aa03418ab4068f0a5b9ac05a,92.0062,-21.2774
audit_b5cb9323b04647ba9800e3ed06702019,template_6c9f2ffe9c5642d7aa4b8d06bfa7bc32,False,2018-01-01T00:00:00.000Z,2018-01-01T00:00:00.000Z,3564,6047,58.938,Glenoid Twig Checklist,3390,,Noise,user_5020bea6aa03418ab4068f0a5b9ac05a,-91.0430,-49.8716
audit_04752f44a9c14893a6c74ab0ab7ac302,template_d0e54616a0d74694a61847b0cd50ad8d,False,2018-01-01T00:00:00.000Z,2018-01-01T00:00:00.000Z,3224,5297,60.865,Peeling Cardboard Audit,1312,,Noise,user_5020bea6aa03418ab4068f0a5b9ac05a,-128.0389,61.4844
audit_9ad360a61a8c4f6c81fff9f2968fa097,template_cf6df1d4b8a04f528f5f86b8318f9a71,False,2018-01-01T00:00:00.000Z,2018-01-01T00:00:00.000Z,3639,6216,58.542,Furtive Laura Audit,2167,,Noise,user_5020bea6aa03418ab4068f0a5b9ac05a,-50.0701,-43.2952
audit_8c9c7f9d56e9453588a6a09632ff6d2c,template_7939abbf012a436f88ddd68c67d42bc4,False,2018-01-01T00:00:00.000Z,2018-01-01T00:00:00.000Z,3572,6181,57.79,Mirthful Slash Audit,2659,,Noise,user_5020bea6aa03418ab4068f0a5b9ac05a,31.9767,-7.7662
audit_df2dd2decd524b648b8ee7a5dc4efadd,template_b47a51bd65884cdf81c3e8b0489d0837,False,2018-01-01T00:00:00.000Z,2018-01-01T00:00:00.000Z,3233,5298,61.023,Timeous Roll Inspection,3,,Noise,user_5020bea6aa03418ab4068f0a5b9ac05a,174.0091,21.9386
audit_8ec3d000bccd4d8ebcad173ec69627db,template_c5d1608b81f14843bfc534e2c7099641,False,2018-01-01T00:00:00.000Z,2018-01-01T00:00:00.000Z,3572,5931,60.226,Coffered Wall Audit,2556,,Noise,user_5020bea6aa03418ab4068f0a5b9ac05a,5.0344,-7.4925
audit_acde3536116d43f3a5dc2be2e4540454,template_53c1d54027f640bd943e65762985be89,False,2018-01-01T00:00:00.000Z,2018-01-01T00:00:00.000Z,3548,5707,62.169,Sprightly Bush Checklist,4432,,Noise,user_5020bea6aa03418ab4068f0a5b9ac05a,-115.1850,-33.3207
audit_d15af4b8abf844a0a893cd8424e82fc1,template_976e057477f2447186207b051f111167,False,2018-01-01T00:00:00.000Z,2018-01-01T00:00:00.000Z,3720,5767,64.505,Crooked Head Inspection,636,,Noise,user_5020bea6aa03418ab4068f0a5b9ac05a,-70.2472,68.4998
audit_e718d654bfce40f8910d5189928d3e99,template_7939abbf012a436f88ddd68c67d42bc4,False,2018-01-01T00:00:00.000Z,2018-01-01T00:00:00.000Z,3700,6162,60.045,Shoeless Lion Checklist,4156,,Noise,user_5020bea6aa03418ab4068f0a5b9ac05a,-2.5231,37.0577
audit_c67603503dd0443aa69c43d9384a9b57,template_d0e54616a0d74694a61847b0cd50ad8d,False,2018-01-01T00:00:00.000Z,2018-01-01T00:00:00.000Z,3110,5278,58.924,Beauish Preface Checklist,4593,,Noise,user_5020bea6aa03418ab4068f0a5b9ac05a,169.5055,-21.2473
audit_63f676995f164c27bf454c20f1e771d2,template_b47a51bd65884cdf81c3e8b0489d0837,False,2018-01-01T00:00:00.000Z,2018-01-01T00:00:00.000Z,3247,5327,60.954,Greenish Digital Inspection,4929,,Noise,user_5020bea6aa03418ab4068f0a5b9ac05a,166.4446,-78.3524
audit_328a5bbe288c44a79ccd9d023b90923f,template_b647801714c64965bfcd1ccdaa9e2802,False,2018-01-01T00:00:00.000Z,2018-01-01T00:00:00.000Z,3938,6664,59.094,Rental Bedroom Audit,4568,,Noise,user_5020bea6aa03418ab4068f0a5b9ac05a,108.0981,-6.8415
audit_9b3d3971456e4b95b9398bc61d560cca,template_35c61614630c4a618147e0dd1a3eb337,False,2018-01-01T00:00:00.000Z,2018-01-01T00:00:00.000Z,3379,5474,61.728,Shocking Celeste Audit,578,,Noise,user_5020bea6aa03418ab4068f0a5b9ac05a,-46.8413,41.8702
audit_72ab566876344c9586bde5e509b11f21,template_53c1d54027f640bd943e65762985be89,False,2018-01-01T00:00:00.000Z,2018-01-01T00:00:00.000Z,3472,5776,60.111,Cogent Danger Audit,4950,,Noise,user_5020bea6aa03418ab4068f0a5b9ac05a,164.3065,0.9674
audit_c774f7ad86354c87b6a95c10c984d6a1,template_b47a51bd65884cdf81c3e8b0489d0837,False,2018-01-01T00:00:00.000Z,2018-01-01T00:00:00.000Z,3235,5310,60.923,Revived Santa Audit,1194,,Noise,user_5020bea6aa03418ab4068f0a5b9ac05a,-139.5673,-7.7454
audit_6b05c460b76e4fbf98850cdd5fb808a9,template_b47a51bd65884cdf81c3e8b0489d0837,False,2018-01-01T00:00:00.000Z,2018-01-01T00:00:00.000Z,3323,5373,61.846,Unshorn Ophthalmologist Checklist,4115,,Noise,user_5020bea6aa03418ab4068f0a5b9ac05a,-6.2102,25.2658
audit_96966457844342109ebf80cddfde3602,template_d0e54616a0d74694a61847b0cd50ad8d,False,2018-01-01T00:00:00.000Z,2018-01-01T00:00:00.000Z,3193,5304,60.2,Forky Column Inspection,2192,,Noise,user_5020bea6aa03418ab4068f0a5b9ac05a,-153.4957,-69.8255
audit_b3b1612d7ef742d99df083d87d527184,template_cf6df1d4b8a04f528f5f86b8318f9a71,False,2018-01-01T00:00:00.000Z,2018-01-01T00:00:00.000Z,3610,6255,57.714,Nimbused Jumper Checklist,4220,,Noise,user_5020bea6aa03418ab4068f0a5b9ac05a,-148.8862,-54.7431
audit_3fe197c2591745309637abbdeeda924a,template_cf6df1d4b8a04f528f5f86b8318f9a71,False,2018-01-01T00:00:00.000Z,2018-01-01T00:00:00.000Z,3624,6261,57.882,Drowsing Nerve Audit,3468,,Noise,user_5020bea6aa03418ab4068f0a5b9ac05a,125.5197,-45.9020
audit_d7fbd30753b84e0d83a86e5733a11ef8,template_c5d1608b81f14843bfc534e2c7099641,False,2018-01-01T00:00:00.000Z,2018-01-01T00:00:00.000Z,3516,5908,59.513,Woaded Fireman Audit,3505,,Noise,user_5020bea6aa03418ab4068f0a5b9ac05a,-10.0083,10.1559
audit_4c7aed0ae7e640648cc22c47df566ec7,template_cf6df1d4b8a04f528f5f86b8318f9a71,False,2018-01-01T00:00:00.000Z,2018-01-01T00:00:00.000Z,3679,6247,58.892,Acold Lamb Inspection,1026,,Noise,user_5020bea6aa03418ab4068f0a5b9ac05a,140.0452,41.4118
audit_17df4bf0ccda4eb99aba10a10a32092c,template_53c1d54027f640bd943e65762985be89,False,2018-01-01T00:00:00.000Z,2018-01-01T00:00:00.000Z,3534,5711,61.881,Tensing Delivery Audit,3004,,Noise,user_5020bea6aa03418ab4068f0a5b9ac05a,133.7539,-17.6870
audit_b962aad4ee8e408bb283436f8d3e7f05,template_c5d1608b81f14843bfc534e2c7099641,False,2018-01-01T00:00:00.000Z,2018-01-01T00:00:00.000Z,3631,5946,61.066,Bouilli Nation Inspection,2902,,Noise,user_5020bea6aa03418ab4068f0a5b9ac05a,134.2069,-28.4881
audit_dd5e481b325e4ee282801498c7ca1c6e,template_5fced78bd0ef49da84ca00b927b909c7,False,2018-01-01T00:00:00.000Z,2018-01-01T00:00:00.000Z,3817,6353,60.082,Dratted Wire Audit,26,,Noise,user_5020bea6aa03418ab4068f0a5b9ac05a,-93.9838,-44.4452
audit_fc3daa52a18a496798886fde508ebda3,template_5fced78bd0ef49da84ca00b927b909c7,False,2018-01-01T00:00:00.000Z,2018-01-01T00:00:00.000Z,3839,6380,60.172,Hotfoot Verdict Inspection,4156,,Noise,user_5020bea6aa03418ab4068f0a5b9ac05a,-75.8416,79.1685
audit_336f38984ff645f7a4e4d7fb7427826f,template_d0e54616a0d74694a61847b0cd50ad8d,False,2018-01-01T00:00:00.000Z,2018-01-01T00:00:00.000Z,3185,5342,59.622,Pensile Cicada Checklist,4258,,Noise,user_5020bea6aa03418ab4068f0a5b9ac05a,-2.2294,-74.1163
audit_20256b3710cd4078b0995a701417a51e,template_b647801714c64965bfcd1ccdaa9e2802,False,2018-01-01T00:00:00.000Z,2018-01-01T00:00:00.000Z,3921,6654,58.927,Grapy Organisation Audit,1486,,Noise,user_5020bea6aa03418ab4068f0a5b9ac05a,93.2418,12.4502
audit_53d3f2212d1a4e1d92638d54534abc7a,template_cf6df1d4b8a04f528f5f86b8318f9a71,False,2018-01-01T00:00:00.000Z,2018-01-01T00:00:00.000Z,3664,6266,58.474,Cheerless Crack Audit,1011,,Noise,user_5020bea6aa03418ab4068f0a5b9ac05a,158.1256,-85.6191
audit_c9f8256967de4e88b12712346d04c281,template_d0e54616a0d74694a61847b0cd50ad8d,False,2018-01-01T00:00:00.000Z,2018-01-01T00:00:00.000Z,3131,5202,60.188,Alert Flute Checklist,2221,,Noise,user_5020bea6aa03418ab4068f0a5b9ac05a,-178.2894,59.2901
audit_46f6d14b3c33412cb888e0c2bb3fb21c,template_b647801714c64965bfcd1ccdaa9e2802,False,2018-01-01T00:00:00.000Z,2018-01-01T00:00:00.000Z,3912,6662,58.721,Uncurbed Sneeze Audit,1309,,Noise,user_5020bea6aa03418ab4068f0a5b9ac05a,165.1209,-1.2112
audit_a9bc3656210d4ae3b94ead2e8047d621,template_cf6df1d4b8a04f528f5f86b8318f9a71,False,2018-01-01T00:00:00.000Z,2018-01-01T00:00:00.000Z,3578,6258,57.175,Frowzy Balinese Checklist,4733,,Noise,user_5020bea6aa03418ab4068f0a5b9ac05a,-176.4626,15.2589
audit_91820cd69f6e4e8f97c6d7ed5fa9b952,template_b47a51bd65884cdf81c3e8b0489d0837,False,2018-01-01T00:00:00.000Z,2018-01-01T00:00:00.000Z,3203,5315,60.263,Lapelled Control Checklist,942,,Noise,user_5020bea6aa03418ab4068f0a5b9ac05a,59.5229,-0.8265
audit_31fbc3413aa346988cf129e71dab90cd,template_5fced78bd0ef49da84ca00b927b909c7,False,2018-01-01T00:00:00.000Z,2018-01-01T00:00:00.000Z,3939,6379,61.749,Tacky Click Inspection,1739,,Noise,user_5020bea6aa03418ab4068f0a5b9ac05a,61.8152,61.9539
audit_37eaefa80cc54c9193177400ad8188df,template_d0e54616a0d74694a61847b0cd50ad8d,False,2018-01-01T00:00:00.000Z,2018-01-01T00:00:00.000Z,3154,5320,59.286,Oblate Engineer Audit,3731,,Noise,user_5020bea6aa03418ab4068f0a5b9ac05a,102.1891,-0.0606
audit_9a9a20f152354e61bb52301b1bb9c9e8,template_806ae7b4946b4fce90681990a89c2d6e,False,2018-01-01T00:00:00.000Z,2018-01-01T00:00:00.000Z,3991,6786,58.812,Strifeful Bar Audit,388,,Noise,user_5020bea6aa03418ab4068f0a5b9ac05a,-153.9224,-43.9961
audit_fde5ab3151ab40c88acc4966a120eac1,template_9f933e23433447e4ac264dc42a65cfda,False,2018-01-01T00:00:00.000Z,2018-01-01T00:00:00.000Z,4213,7302,57.697,Eery Birthday Inspection,3539,,Noise,user_5020bea6aa03418ab4068f0a5b9ac05a,-81.1982,-30.3068
audit_d26599a1ac474b619e6fb9aa88ef4b39,template_cf6df1d4b8a04f528f5f86b8318f9a71,False,2018-01-01T00:00:00.000Z,2018-01-01T00:00:00.000Z,3750,6218,60.309,Beamish Yarn Checklist,4436,,Noise,user_5020bea6aa03418ab4068f0a5b9ac05a,-98.7376,-51.3588
audit_ce6ef71b3b05400bac920a39f6c99e26,template_35c61614630c4a618147e0dd1a3eb337,False,2018-01-01T00:00:00.000Z,2018-01-01T00:00:00.000Z,3404,5454,62.413,Wrongful Space Audit,4911,,Noise,user_5020bea6aa03418ab4068f0a5b9ac05a,-32.2596,-59.2998
audit_add14fe3d5784669aec6bfa45bdf6512,template_53c1d54027f640bd943e65762985be89,False,2018-01-01T00:00:00.000Z,2018-01-01T00:00:00.000Z,3595,5711,62.949,Unhurt Sidecar Audit,2217,,Noise,user_5020bea6aa03418ab4068f0a5b9ac05a,-34.3282,-24.1916
audit_5e057c7224c84f6391b58dc74d60dae7,template_6c9f2ffe9c5642d7aa4b8d06bfa7bc32,False,2018-01-01T00:00:00.000Z,2018-01-01T00:00:00.000Z,3575,6055,59.042,Enlarged Moat Inspection,1832,,Noise,user_5020bea6aa03418ab4068f0a5b9ac05a,173.2130,-11.3309
audit_8e49ca15425d4df2ad19f3b56c5ccbd1,template_b647801714c64965bfcd1ccdaa9e2802,False,2018-01-01T00:00:00.000Z,2018-01-01T00:00:00.000Z,3921,6652,58.945,Stormless Foundation Checklist,2767,,Noise,user_5020bea6aa03418ab4068f0a5b9ac05a,28.1564,-36.5670
audit_fb251cb0a4de4ab386878079e68f1045,template_5fced78bd0ef49da84ca00b927b909c7,False,2018-01-01T00:00:00.000Z,2018-01-01T00:00:00.000Z,3862,6398,60.363,Unstained List Checklist,711,,Noise,user_5020bea6aa03418ab4068f0a5b9ac05a,-174.8368,73.3782
audit_74eec88e0b1247f191e1bce3d4572179,template_cf6df1d4b8a04f528f5f86b8318f9a71,False,2018-01-01T00:00:00.000Z,2018-01-01T00:00:00.000Z,3639,6215,58.552,Unpreached Flood Audit,4754,,Noise,user_5020bea6aa03418ab4068f0a5b9ac05a,-88.8637,-44.5642
audit_9a55903bf23a471a844f551cc095d835,template_5fced78bd0ef49da84ca00b927b909c7,False,2018-01-01T00:00:00.000Z,2018-01-01T00:00:00.000Z,3921,6349,61.758,Guardless Catamaran Checklist,670,,Noise,user_5020bea6aa03418ab4068f0a5b9ac05a,56.4000,83.6564
audit_6ffbfc03a7254f199df39dd0b5bb6e80,template_d0e54616a0d74694a61847b0cd50ad8d,False,2018-01-01T00:00:00.000Z,2018-01-01T00:00:00.000Z,3135,5282,59.353,Dural Parenthesis Inspection,2246,,Noise,user_5020bea6aa03418ab4068f0a5b9ac05a,-81.4671,-2.7421
audit_c7f2b42417f8411aa402fee7b14eb5c2,template_53c1d54027f640bd943e65762985be89,False,2018-01-01T00:00:00.000Z,2018-01-01T00:00:00.000Z,3584,5747,62.363,Backward Stone Checklist,2204,,Noise,user_5020bea6aa03418ab4068f0a5b9ac05a,92.0424,63.7940
audit_d1974cae5f42472c969518082bb035bd,template_9a7b1a64e8dc4fafa57e17d3406af311,False,2018-01-01T00:00:00.000Z,2018-01-01T00:00:00.000Z,3776,6428,58.743,Cloddy Cup Checklist,1663,,Noise,user_5020bea6aa03418ab4068f0a5b9ac05a,-137.5957,-43.4514
audit_e56ebfce31254cf8ba533e178d9a23c5,template_cf6df1d4b8a04f528f5f86b8318f9a71,False,2018-01-01T00:00:00.000Z,2018-01-01T00:00:00.000Z,3707,6277,59.057,Unurged Possibility Inspection,4162,,Noise,user_5020bea6aa03418ab4068f0a5b9ac05a,-127.5757,-28.5790
audit_5f911de0aa21413eb2c308dc59dc646d,template_806ae7b4946b4fce90681990a89c2d6e,False,2018-01-01T00:00:00.000Z,2018-01-01T00:00:00.000Z,4075,6740,60.46,Plushest Noise Audit,745,,Noise,user_5020bea6aa03418ab4068f0a5b9ac05a,145.4806,-52.3951
